NU_ANO,Q022,Q024,SG_UF_PROVA,QTD
2019,A,A,AC,1103
2019,A,A,AL,1697
2019,A,A,AM,3452
2019,A,A,AP,1288
2019,A,A,BA,7740
2019,A,A,CE,11180
2019,A,A,DF,946
2019,A,A,ES,808
2019,A,A,GO,1841
2019,A,A,MA,7854
2019,A,A,MG,4098
2019,A,A,MS,988
2019,A,A,MT,1181
2019,A,A,PA,8275
2019,A,A,PB,2100
2019,A,A,PE,4695
2019,A,A,PI,2791
2019,A,A,PR,1259
2019,A,A,RJ,3460
2019,A,A,RN,1361
2019,A,A,RO,894
2019,A,A,RR,246
2019,A,A,RS,1610
2019,A,A,SC,661
2019,A,A,SE,1077
2019,A,A,SP,5888
2019,A,A,TO,922
2019,A,B,AC,203
2019,A,B,AL,431
2019,A,B,AM,796
2019,A,B,AP,213
2019,A,B,BA,2202
2019,A,B,CE,1198
2019,A,B,DF,751
2019,A,B,ES,624
2019,A,B,GO,1018
2019,A,B,MA,729
2019,A,B,MG,2503
2019,A,B,MS,464
2019,A,B,MT,591
2019,A,B,PA,1026
2019,A,B,PB,559
2019,A,B,PE,1356
2019,A,B,PI,289
2019,A,B,PR,1056
2019,A,B,RJ,2347
2019,A,B,RN,524
2019,A,B,RO,379
2019,A,B,RR,98
2019,A,B,RS,1282
2019,A,B,SC,563
2019,A,B,SE,290
2019,A,B,SP,4849
2019,A,B,TO,229
2019,A,C,AC,11
2019,A,C,AL,37
2019,A,C,AM,56
2019,A,C,AP,17
2019,A,C,BA,105
2019,A,C,CE,114
2019,A,C,DF,108
2019,A,C,ES,63
2019,A,C,GO,73
2019,A,C,MA,46
2019,A,C,MG,201
2019,A,C,MS,42
2019,A,C,MT,59
2019,A,C,PA,76
2019,A,C,PB,36
2019,A,C,PE,112
2019,A,C,PI,16
2019,A,C,PR,145
2019,A,C,RJ,227
2019,A,C,RN,51
2019,A,C,RO,23
2019,A,C,RR,10
2019,A,C,RS,147
2019,A,C,SC,70
2019,A,C,SE,30
2019,A,C,SP,535
2019,A,C,TO,20
2019,A,D,AC,2
2019,A,D,AL,8
2019,A,D,AM,12
2019,A,D,AP,6
2019,A,D,BA,38
2019,A,D,CE,38
2019,A,D,DF,25
2019,A,D,ES,18
2019,A,D,GO,22
2019,A,D,MA,13
2019,A,D,MG,72
2019,A,D,MS,9
2019,A,D,MT,10
2019,A,D,PA,9
2019,A,D,PB,16
2019,A,D,PE,40
2019,A,D,PI,4
2019,A,D,PR,35
2019,A,D,RJ,63
2019,A,D,RN,12
2019,A,D,RO,7
2019,A,D,RR,5
2019,A,D,RS,28
2019,A,D,SC,19
2019,A,D,SE,7
2019,A,D,SP,162
2019,A,D,TO,7
2019,A,E,AL,4
2019,A,E,AM,5
2019,A,E,AP,1
2019,A,E,BA,10
2019,A,E,CE,19
2019,A,E,DF,9
2019,A,E,ES,3
2019,A,E,GO,9
2019,A,E,MA,12
2019,A,E,MG,15
2019,A,E,MS,3
2019,A,E,MT,1
2019,A,E,PA,11
2019,A,E,PB,8
2019,A,E,PE,19
2019,A,E,PI,2
2019,A,E,PR,8
2019,A,E,RJ,17
2019,A,E,RN,5
2019,A,E,RR,2
2019,A,E,RS,12
2019,A,E,SC,4
2019,A,E,SE,1
2019,A,E,SP,51
2019,A,E,TO,6
2019,B,A,AC,9967
2019,B,A,AL,19480
2019,B,A,AM,27105
2019,B,A,AP,11038
2019,B,A,BA,78517
2019,B,A,CE,77093
2019,B,A,DF,9062
2019,B,A,ES,9517
2019,B,A,GO,19158
2019,B,A,MA,61156
2019,B,A,MG,49017
2019,B,A,MS,10034
2019,B,A,MT,11390
2019,B,A,PA,78626
2019,B,A,PB,29299
2019,B,A,PE,48105
2019,B,A,PI,30135
2019,B,A,PR,16252
2019,B,A,RJ,34416
2019,B,A,RN,19131
2019,B,A,RO,10265
2019,B,A,RR,2105
2019,B,A,RS,19776
2019,B,A,SC,8104
2019,B,A,SE,16380
2019,B,A,SP,58556
2019,B,A,TO,8194
2019,B,B,AC,1788
2019,B,B,AL,4510
2019,B,B,AM,5768
2019,B,B,AP,1660
2019,B,B,BA,25093
2019,B,B,CE,14376
2019,B,B,DF,6924
2019,B,B,ES,6620
2019,B,B,GO,9686
2019,B,B,MA,7933
2019,B,B,MG,33349
2019,B,B,MS,4836
2019,B,B,MT,6282
2019,B,B,PA,10952
2019,B,B,PB,8340
2019,B,B,PE,13820
2019,B,B,PI,5007
2019,B,B,PR,14440
2019,B,B,RJ,25892
2019,B,B,RN,6762
2019,B,B,RO,4378
2019,B,B,RR,783
2019,B,B,RS,17948
2019,B,B,SC,8361
2019,B,B,SE,3674
2019,B,B,SP,50837
2019,B,B,TO,2402
2019,B,C,AC,41
2019,B,C,AL,99
2019,B,C,AM,115
2019,B,C,AP,42
2019,B,C,BA,357
2019,B,C,CE,331
2019,B,C,DF,396
2019,B,C,ES,186
2019,B,C,GO,275
2019,B,C,MA,121
2019,B,C,MG,898
2019,B,C,MS,146
2019,B,C,MT,178
2019,B,C,PA,251
2019,B,C,PB,148
2019,B,C,PE,347
2019,B,C,PI,76
2019,B,C,PR,527
2019,B,C,RJ,1031
2019,B,C,RN,159
2019,B,C,RO,84
2019,B,C,RR,27
2019,B,C,RS,579
2019,B,C,SC,316
2019,B,C,SE,77
2019,B,C,SP,2243
2019,B,C,TO,51
2019,B,D,AC,7
2019,B,D,AL,16
2019,B,D,AM,21
2019,B,D,AP,5
2019,B,D,BA,64
2019,B,D,CE,68
2019,B,D,DF,63
2019,B,D,ES,27
2019,B,D,GO,46
2019,B,D,MA,22
2019,B,D,MG,120
2019,B,D,MS,23
2019,B,D,MT,30
2019,B,D,PA,27
2019,B,D,PB,21
2019,B,D,PE,82
2019,B,D,PI,14
2019,B,D,PR,92
2019,B,D,RJ,157
2019,B,D,RN,14
2019,B,D,RO,9
2019,B,D,RR,3
2019,B,D,RS,73
2019,B,D,SC,46
2019,B,D,SE,12
2019,B,D,SP,405
2019,B,D,TO,10
2019,B,E,AC,2
2019,B,E,AL,4
2019,B,E,AM,10
2019,B,E,AP,2
2019,B,E,BA,21
2019,B,E,CE,46
2019,B,E,DF,22
2019,B,E,ES,11
2019,B,E,GO,12
2019,B,E,MA,15
2019,B,E,MG,49
2019,B,E,MS,7
2019,B,E,MT,2
2019,B,E,PA,20
2019,B,E,PB,10
2019,B,E,PE,20
2019,B,E,PI,4
2019,B,E,PR,26
2019,B,E,RJ,49
2019,B,E,RN,8
2019,B,E,RO,2
2019,B,E,RR,1
2019,B,E,RS,30
2019,B,E,SC,13
2019,B,E,SE,5
2019,B,E,SP,125
2019,B,E,TO,5
2019,C,A,AC,9417
2019,C,A,AL,19955
2019,C,A,AM,26383
2019,C,A,AP,10431
2019,C,A,BA,78640
2019,C,A,CE,62677
2019,C,A,DF,10560
2019,C,A,ES,13583
2019,C,A,GO,26665
2019,C,A,MA,53357
2019,C,A,MG,66225
2019,C,A,MS,11530
2019,C,A,MT,13741
2019,C,A,PA,67007
2019,C,A,PB,30447
2019,C,A,PE,54775
2019,C,A,PI,28212
2019,C,A,PR,22879
2019,C,A,RJ,41325
2019,C,A,RN,22960
2019,C,A,RO,11158
2019,C,A,RR,2382
2019,C,A,RS,26337
2019,C,A,SC,10859
2019,C,A,SE,18167
2019,C,A,SP,81441
2019,C,A,TO,9596
2019,C,B,AC,3866
2019,C,B,AL,10894
2019,C,B,AM,12737
2019,C,B,AP,3945
2019,C,B,BA,54774
2019,C,B,CE,31633
2019,C,B,DF,13417
2019,C,B,ES,16310
2019,C,B,GO,23197
2019,C,B,MA,19565
2019,C,B,MG,86214
2019,C,B,MS,10232
2019,C,B,MT,12425
2019,C,B,PA,25600
2019,C,B,PB,21067
2019,C,B,PE,35947
2019,C,B,PI,12673
2019,C,B,PR,32961
2019,C,B,RJ,52715
2019,C,B,RN,17496
2019,C,B,RO,8836
2019,C,B,RR,1565
2019,C,B,RS,39279
2019,C,B,SC,17353
2019,C,B,SE,9422
2019,C,B,SP,115892
2019,C,B,TO,5200
2019,C,C,AC,235
2019,C,C,AL,589
2019,C,C,AM,885
2019,C,C,AP,263
2019,C,C,BA,3092
2019,C,C,CE,2034
2019,C,C,DF,2101
2019,C,C,ES,1560
2019,C,C,GO,1838
2019,C,C,MA,1078
2019,C,C,MG,8175
2019,C,C,MS,903
2019,C,C,MT,1081
2019,C,C,PA,1450
2019,C,C,PB,1468
2019,C,C,PE,2315
2019,C,C,PI,789
2019,C,C,PR,4017
2019,C,C,RJ,6078
2019,C,C,RN,1375
2019,C,C,RO,655
2019,C,C,RR,140
2019,C,C,RS,4863
2019,C,C,SC,2306
2019,C,C,SE,624
2019,C,C,SP,12859
2019,C,C,TO,379
2019,C,D,AC,14
2019,C,D,AL,51
2019,C,D,AM,60
2019,C,D,AP,26
2019,C,D,BA,199
2019,C,D,CE,124
2019,C,D,DF,251
2019,C,D,ES,127
2019,C,D,GO,129
2019,C,D,MA,57
2019,C,D,MG,603
2019,C,D,MS,73
2019,C,D,MT,86
2019,C,D,PA,123
2019,C,D,PB,87
2019,C,D,PE,130
2019,C,D,PI,55
2019,C,D,PR,362
2019,C,D,RJ,584
2019,C,D,RN,84
2019,C,D,RO,38
2019,C,D,RR,10
2019,C,D,RS,370
2019,C,D,SC,153
2019,C,D,SE,40
2019,C,D,SP,1186
2019,C,D,TO,23
2019,C,E,AC,2
2019,C,E,AL,8
2019,C,E,AM,16
2019,C,E,AP,5
2019,C,E,BA,29
2019,C,E,CE,25
2019,C,E,DF,52
2019,C,E,ES,15
2019,C,E,GO,16
2019,C,E,MA,11
2019,C,E,MG,96
2019,C,E,MS,9
2019,C,E,MT,8
2019,C,E,PA,20
2019,C,E,PB,19
2019,C,E,PE,28
2019,C,E,PI,6
2019,C,E,PR,61
2019,C,E,RJ,104
2019,C,E,RN,14
2019,C,E,RO,4
2019,C,E,RR,2
2019,C,E,RS,81
2019,C,E,SC,22
2019,C,E,SE,6
2019,C,E,SP,223
2019,C,E,TO,1
2019,D,A,AC,4198
2019,D,A,AL,8825
2019,D,A,AM,12892
2019,D,A,AP,4770
2019,D,A,BA,38716
2019,D,A,CE,26557
2019,D,A,DF,6700
2019,D,A,ES,9571
2019,D,A,GO,18442
2019,D,A,MA,24088
2019,D,A,MG,44588
2019,D,A,MS,6748
2019,D,A,MT,8892
2019,D,A,PA,28915
2019,D,A,PB,13261
2019,D,A,PE,29400
2019,D,A,PI,12838
2019,D,A,PR,17006
2019,D,A,RJ,27300
2019,D,A,RN,12015
2019,D,A,RO,5661
2019,D,A,RR,1335
2019,D,A,RS,15983
2019,D,A,SC,7997
2019,D,A,SE,8410
2019,D,A,SP,65812
2019,D,A,TO,5571
2019,D,B,AC,3264
2019,D,B,AL,9610
2019,D,B,AM,10493
2019,D,B,AP,3352
2019,D,B,BA,49227
2019,D,B,CE,26495
2019,D,B,DF,14107
2019,D,B,ES,18022
2019,D,B,GO,27124
2019,D,B,MA,17002
2019,D,B,MG,98675
2019,D,B,MS,9980
2019,D,B,MT,13425
2019,D,B,PA,22290
2019,D,B,PB,16862
2019,D,B,PE,33986
2019,D,B,PI,11760
2019,D,B,PR,39232
2019,D,B,RJ,56104
2019,D,B,RN,15636
2019,D,B,RO,7010
2019,D,B,RR,1411
2019,D,B,RS,39701
2019,D,B,SC,21672
2019,D,B,SE,8501
2019,D,B,SP,154076
2019,D,B,TO,5283
2019,D,C,AC,470
2019,D,C,AL,1278
2019,D,C,AM,1619
2019,D,C,AP,547
2019,D,C,BA,6342
2019,D,C,CE,4358
2019,D,C,DF,3826
2019,D,C,ES,3338
2019,D,C,GO,4348
2019,D,C,MA,2096
2019,D,C,MG,17828
2019,D,C,MS,1952
2019,D,C,MT,2279
2019,D,C,PA,3101
2019,D,C,PB,2653
2019,D,C,PE,4922
2019,D,C,PI,1514
2019,D,C,PR,9550
2019,D,C,RJ,13433
2019,D,C,RN,2628
2019,D,C,RO,1125
2019,D,C,RR,336
2019,D,C,RS,9910
2019,D,C,SC,5915
2019,D,C,SE,1202
2019,D,C,SP,35948
2019,D,C,TO,750
2019,D,D,AC,95
2019,D,D,AL,253
2019,D,D,AM,368
2019,D,D,AP,130
2019,D,D,BA,1458
2019,D,D,CE,934
2019,D,D,DF,1400
2019,D,D,ES,838
2019,D,D,GO,929
2019,D,D,MA,409
2019,D,D,MG,4309
2019,D,D,MS,477
2019,D,D,MT,529
2019,D,D,PA,594
2019,D,D,PB,589
2019,D,D,PE,1181
2019,D,D,PI,306
2019,D,D,PR,2590
2019,D,D,RJ,3877
2019,D,D,RN,610
2019,D,D,RO,219
2019,D,D,RR,90
2019,D,D,RS,2553
2019,D,D,SC,1575
2019,D,D,SE,287
2019,D,D,SP,9909
2019,D,D,TO,178
2019,D,E,AC,14
2019,D,E,AL,27
2019,D,E,AM,52
2019,D,E,AP,18
2019,D,E,BA,166
2019,D,E,CE,108
2019,D,E,DF,236
2019,D,E,ES,100
2019,D,E,GO,117
2019,D,E,MA,35
2019,D,E,MG,658
2019,D,E,MS,57
2019,D,E,MT,56
2019,D,E,PA,69
2019,D,E,PB,71
2019,D,E,PE,161
2019,D,E,PI,30
2019,D,E,PR,361
2019,D,E,RJ,602
2019,D,E,RN,60
2019,D,E,RO,23
2019,D,E,RR,11
2019,D,E,RS,404
2019,D,E,SC,218
2019,D,E,SE,28
2019,D,E,SP,1777
2019,D,E,TO,17
2019,E,A,AC,1456
2019,E,A,AL,3286
2019,E,A,AM,5714
2019,E,A,AP,1814
2019,E,A,BA,13173
2019,E,A,CE,10828
2019,E,A,DF,3381
2019,E,A,ES,4322
2019,E,A,GO,8034
2019,E,A,MA,8468
2019,E,A,MG,20300
2019,E,A,MS,2526
2019,E,A,MT,3770
2019,E,A,PA,11197
2019,E,A,PB,4766
2019,E,A,PE,12157
2019,E,A,PI,4742
2019,E,A,PR,7484
2019,E,A,RJ,12365
2019,E,A,RN,4575
2019,E,A,RO,2300
2019,E,A,RR,678
2019,E,A,RS,5864
2019,E,A,SC,3667
2019,E,A,SE,2862
2019,E,A,SP,34903
2019,E,A,TO,2298
2019,E,B,AC,1792
2019,E,B,AL,5881
2019,E,B,AM,6360
2019,E,B,AP,1971
2019,E,B,BA,24703
2019,E,B,CE,15346
2019,E,B,DF,10807
2019,E,B,ES,10695
2019,E,B,GO,18051
2019,E,B,MA,9916
2019,E,B,MG,62099
2019,E,B,MS,5848
2019,E,B,MT,7983
2019,E,B,PA,13710
2019,E,B,PB,9572
2019,E,B,PE,20523
2019,E,B,PI,7389
2019,E,B,PR,22884
2019,E,B,RJ,32860
2019,E,B,RN,8727
2019,E,B,RO,3917
2019,E,B,RR,1013
2019,E,B,RS,17321
2019,E,B,SC,11359
2019,E,B,SE,4754
2019,E,B,SP,105434
2019,E,B,TO,3521
2019,E,C,AC,455
2019,E,C,AL,1803
2019,E,C,AM,2049
2019,E,C,AP,669
2019,E,C,BA,6771
2019,E,C,CE,5786
2019,E,C,DF,5524
2019,E,C,ES,3695
2019,E,C,GO,5834
2019,E,C,MA,2707
2019,E,C,MG,21301
2019,E,C,MS,2202
2019,E,C,MT,2614
2019,E,C,PA,4099
2019,E,C,PB,3523
2019,E,C,PE,6635
2019,E,C,PI,2364
2019,E,C,PR,10819
2019,E,C,RJ,13881
2019,E,C,RN,3073
2019,E,C,RO,1106
2019,E,C,RR,396
2019,E,C,RS,8459
2019,E,C,SC,5673
2019,E,C,SE,1612
2019,E,C,SP,42567
2019,E,C,TO,1028
2019,E,D,AC,180
2019,E,D,AL,731
2019,E,D,AM,777
2019,E,D,AP,275
2019,E,D,BA,2705
2019,E,D,CE,2387
2019,E,D,DF,3008
2019,E,D,ES,1473
2019,E,D,GO,2087
2019,E,D,MA,975
2019,E,D,MG,8473
2019,E,D,MS,893
2019,E,D,MT,1011
2019,E,D,PA,1486
2019,E,D,PB,1480
2019,E,D,PE,2968
2019,E,D,PI,907
2019,E,D,PR,4667
2019,E,D,RJ,6546
2019,E,D,RN,1320
2019,E,D,RO,391
2019,E,D,RR,192
2019,E,D,RS,3702
2019,E,D,SC,2442
2019,E,D,SE,686
2019,E,D,SP,18614
2019,E,D,TO,381
2019,E,E,AC,63
2019,E,E,AL,347
2019,E,E,AM,399
2019,E,E,AP,115
2019,E,E,BA,1285
2019,E,E,CE,1229
2019,E,E,DF,2173
2019,E,E,ES,747
2019,E,E,GO,1029
2019,E,E,MA,409
2019,E,E,MG,4759
2019,E,E,MS,411
2019,E,E,MT,497
2019,E,E,PA,659
2019,E,E,PB,774
2019,E,E,PE,1593
2019,E,E,PI,389
2019,E,E,PR,2593
2019,E,E,RJ,4283
2019,E,E,RN,719
2019,E,E,RO,155
2019,E,E,RR,115
2019,E,E,RS,2157
2019,E,E,SC,1331
2019,E,E,SE,334
2019,E,E,SP,11698
2019,E,E,TO,177
2020,A,A,AC,1176
2020,A,A,AL,2106
2020,A,A,AM,5716
2020,A,A,AP,1268
2020,A,A,BA,9076
2020,A,A,CE,9243
2020,A,A,DF,1236
2020,A,A,ES,854
2020,A,A,GO,2756
2020,A,A,MA,7337
2020,A,A,MG,4205
2020,A,A,MS,1296
2020,A,A,MT,1434
2020,A,A,PA,8552
2020,A,A,PB,2252
2020,A,A,PE,5515
2020,A,A,PI,2535
2020,A,A,PR,1379
2020,A,A,RJ,4066
2020,A,A,RN,1478
2020,A,A,RO,972
2020,A,A,RR,388
2020,A,A,RS,2021
2020,A,A,SC,775
2020,A,A,SE,1432
2020,A,A,SP,6420
2020,A,A,TO,1250
2020,A,B,AC,214
2020,A,B,AL,428
2020,A,B,AM,884
2020,A,B,AP,179
2020,A,B,BA,2032
2020,A,B,CE,936
2020,A,B,DF,756
2020,A,B,ES,548
2020,A,B,GO,1119
2020,A,B,MA,671
2020,A,B,MG,2263
2020,A,B,MS,523
2020,A,B,MT,652
2020,A,B,PA,1025
2020,A,B,PB,510
2020,A,B,PE,1372
2020,A,B,PI,288
2020,A,B,PR,884
2020,A,B,RJ,2206
2020,A,B,RN,446
2020,A,B,RO,376
2020,A,B,RR,122
2020,A,B,RS,1283
2020,A,B,SC,514
2020,A,B,SE,314
2020,A,B,SP,4203
2020,A,B,TO,266
2020,A,C,AC,11
2020,A,C,AL,27
2020,A,C,AM,72
2020,A,C,AP,17
2020,A,C,BA,95
2020,A,C,CE,61
2020,A,C,DF,77
2020,A,C,ES,47
2020,A,C,GO,79
2020,A,C,MA,30
2020,A,C,MG,175
2020,A,C,MS,38
2020,A,C,MT,44
2020,A,C,PA,82
2020,A,C,PB,32
2020,A,C,PE,104
2020,A,C,PI,16
2020,A,C,PR,125
2020,A,C,RJ,176
2020,A,C,RN,44
2020,A,C,RO,19
2020,A,C,RR,7
2020,A,C,RS,135
2020,A,C,SC,61
2020,A,C,SE,16
2020,A,C,SP,459
2020,A,C,TO,20
2020,A,D,AC,1
2020,A,D,AL,10
2020,A,D,AM,13
2020,A,D,AP,2
2020,A,D,BA,16
2020,A,D,CE,31
2020,A,D,DF,25
2020,A,D,ES,12
2020,A,D,GO,10
2020,A,D,MA,10
2020,A,D,MG,32
2020,A,D,MS,4
2020,A,D,MT,14
2020,A,D,PA,18
2020,A,D,PB,11
2020,A,D,PE,39
2020,A,D,PI,4
2020,A,D,PR,24
2020,A,D,RJ,54
2020,A,D,RN,12
2020,A,D,RO,5
2020,A,D,RR,2
2020,A,D,RS,26
2020,A,D,SC,12
2020,A,D,SE,8
2020,A,D,SP,130
2020,A,D,TO,3
2020,A,E,AL,2
2020,A,E,AM,4
2020,A,E,AP,2
2020,A,E,BA,4
2020,A,E,CE,5
2020,A,E,DF,15
2020,A,E,ES,4
2020,A,E,GO,4
2020,A,E,MA,3
2020,A,E,MG,15
2020,A,E,MS,3
2020,A,E,MT,3
2020,A,E,PA,6
2020,A,E,PB,5
2020,A,E,PE,12
2020,A,E,PR,11
2020,A,E,RJ,21
2020,A,E,RN,2
2020,A,E,RO,3
2020,A,E,RR,2
2020,A,E,RS,4
2020,A,E,SC,7
2020,A,E,SE,4
2020,A,E,SP,58
2020,B,A,AC,10578
2020,B,A,AL,23447
2020,B,A,AM,40418
2020,B,A,AP,12639
2020,B,A,BA,97436
2020,B,A,CE,87378
2020,B,A,DF,13570
2020,B,A,ES,11781
2020,B,A,GO,29572
2020,B,A,MA,67132
2020,B,A,MG,59903
2020,B,A,MS,13937
2020,B,A,MT,15382
2020,B,A,PA,96366
2020,B,A,PB,34185
2020,B,A,PE,61185
2020,B,A,PI,33526
2020,B,A,PR,22470
2020,B,A,RJ,49917
2020,B,A,RN,22222
2020,B,A,RO,13342
2020,B,A,RR,3125
2020,B,A,RS,29153
2020,B,A,SC,11411
2020,B,A,SE,20009
2020,B,A,SP,81937
2020,B,A,TO,11821
2020,B,B,AC,1991
2020,B,B,AL,5008
2020,B,B,AM,7633
2020,B,B,AP,1938
2020,B,B,BA,27975
2020,B,B,CE,15074
2020,B,B,DF,8603
2020,B,B,ES,7109
2020,B,B,GO,12181
2020,B,B,MA,8685
2020,B,B,MG,37465
2020,B,B,MS,5641
2020,B,B,MT,7288
2020,B,B,PA,12908
2020,B,B,PB,9110
2020,B,B,PE,15753
2020,B,B,PI,5750
2020,B,B,PR,16706
2020,B,B,RJ,30222
2020,B,B,RN,7432
2020,B,B,RO,4878
2020,B,B,RR,911
2020,B,B,RS,21261
2020,B,B,SC,9091
2020,B,B,SE,4149
2020,B,B,SP,58410
2020,B,B,TO,2848
2020,B,C,AC,26
2020,B,C,AL,87
2020,B,C,AM,147
2020,B,C,AP,25
2020,B,C,BA,351
2020,B,C,CE,245
2020,B,C,DF,337
2020,B,C,ES,163
2020,B,C,GO,291
2020,B,C,MA,122
2020,B,C,MG,806
2020,B,C,MS,110
2020,B,C,MT,153
2020,B,C,PA,207
2020,B,C,PB,132
2020,B,C,PE,275
2020,B,C,PI,93
2020,B,C,PR,479
2020,B,C,RJ,845
2020,B,C,RN,129
2020,B,C,RO,75
2020,B,C,RR,15
2020,B,C,RS,470
2020,B,C,SC,271
2020,B,C,SE,65
2020,B,C,SP,1950
2020,B,C,TO,60
2020,B,D,AC,4
2020,B,D,AL,11
2020,B,D,AM,21
2020,B,D,AP,4
2020,B,D,BA,50
2020,B,D,CE,40
2020,B,D,DF,59
2020,B,D,ES,29
2020,B,D,GO,41
2020,B,D,MA,16
2020,B,D,MG,96
2020,B,D,MS,19
2020,B,D,MT,26
2020,B,D,PA,28
2020,B,D,PB,15
2020,B,D,PE,57
2020,B,D,PI,7
2020,B,D,PR,99
2020,B,D,RJ,140
2020,B,D,RN,12
2020,B,D,RO,8
2020,B,D,RR,3
2020,B,D,RS,66
2020,B,D,SC,42
2020,B,D,SE,9
2020,B,D,SP,307
2020,B,D,TO,4
2020,B,E,AC,2
2020,B,E,AL,1
2020,B,E,AM,12
2020,B,E,AP,1
2020,B,E,BA,10
2020,B,E,CE,7
2020,B,E,DF,15
2020,B,E,ES,7
2020,B,E,GO,9
2020,B,E,MA,4
2020,B,E,MG,36
2020,B,E,MS,5
2020,B,E,MT,4
2020,B,E,PA,8
2020,B,E,PB,1
2020,B,E,PE,18
2020,B,E,PR,14
2020,B,E,RJ,40
2020,B,E,RN,2
2020,B,E,RO,1
2020,B,E,RS,19
2020,B,E,SC,11
2020,B,E,SE,3
2020,B,E,SP,133
2020,B,E,TO,2
2020,C,A,AC,9991
2020,C,A,AL,23240
2020,C,A,AM,36724
2020,C,A,AP,11242
2020,C,A,BA,94266
2020,C,A,CE,76690
2020,C,A,DF,13733
2020,C,A,ES,15137
2020,C,A,GO,37077
2020,C,A,MA,59637
2020,C,A,MG,77168
2020,C,A,MS,14526
2020,C,A,MT,16783
2020,C,A,PA,81319
2020,C,A,PB,35426
2020,C,A,PE,67112
2020,C,A,PI,31529
2020,C,A,PR,28031
2020,C,A,RJ,51971
2020,C,A,RN,26015
2020,C,A,RO,13936
2020,C,A,RR,3184
2020,C,A,RS,33156
2020,C,A,SC,12927
2020,C,A,SE,20590
2020,C,A,SP,99630
2020,C,A,TO,12680
2020,C,B,AC,3939
2020,C,B,AL,11675
2020,C,B,AM,15809
2020,C,B,AP,4053
2020,C,B,BA,55973
2020,C,B,CE,33480
2020,C,B,DF,15515
2020,C,B,ES,15729
2020,C,B,GO,26484
2020,C,B,MA,20279
2020,C,B,MG,87422
2020,C,B,MS,11269
2020,C,B,MT,13270
2020,C,B,PA,29110
2020,C,B,PB,21938
2020,C,B,PE,37346
2020,C,B,PI,13589
2020,C,B,PR,35200
2020,C,B,RJ,57381
2020,C,B,RN,18426
2020,C,B,RO,9567
2020,C,B,RR,1898
2020,C,B,RS,41960
2020,C,B,SC,18236
2020,C,B,SE,9680
2020,C,B,SP,123113
2020,C,B,TO,5873
2020,C,C,AC,253
2020,C,C,AL,653
2020,C,C,AM,972
2020,C,C,AP,309
2020,C,C,BA,3324
2020,C,C,CE,2275
2020,C,C,DF,2385
2020,C,C,ES,1464
2020,C,C,GO,1861
2020,C,C,MA,1075
2020,C,C,MG,8468
2020,C,C,MS,965
2020,C,C,MT,1157
2020,C,C,PA,1653
2020,C,C,PB,1566
2020,C,C,PE,2636
2020,C,C,PI,770
2020,C,C,PR,4215
2020,C,C,RJ,6509
2020,C,C,RN,1419
2020,C,C,RO,637
2020,C,C,RR,175
2020,C,C,RS,4919
2020,C,C,SC,2379
2020,C,C,SE,703
2020,C,C,SP,13841
2020,C,C,TO,441
2020,C,D,AC,25
2020,C,D,AL,37
2020,C,D,AM,54
2020,C,D,AP,23
2020,C,D,BA,194
2020,C,D,CE,140
2020,C,D,DF,224
2020,C,D,ES,104
2020,C,D,GO,125
2020,C,D,MA,51
2020,C,D,MG,586
2020,C,D,MS,71
2020,C,D,MT,72
2020,C,D,PA,87
2020,C,D,PB,102
2020,C,D,PE,158
2020,C,D,PI,49
2020,C,D,PR,294
2020,C,D,RJ,598
2020,C,D,RN,80
2020,C,D,RO,35
2020,C,D,RR,15
2020,C,D,RS,337
2020,C,D,SC,179
2020,C,D,SE,43
2020,C,D,SP,1305
2020,C,D,TO,24
2020,C,E,AC,2
2020,C,E,AL,7
2020,C,E,AM,9
2020,C,E,AP,6
2020,C,E,BA,14
2020,C,E,CE,21
2020,C,E,DF,49
2020,C,E,ES,18
2020,C,E,GO,21
2020,C,E,MA,11
2020,C,E,MG,84
2020,C,E,MS,7
2020,C,E,MT,9
2020,C,E,PA,17
2020,C,E,PB,12
2020,C,E,PE,25
2020,C,E,PI,6
2020,C,E,PR,53
2020,C,E,RJ,106
2020,C,E,RN,13
2020,C,E,RO,4
2020,C,E,RR,1
2020,C,E,RS,55
2020,C,E,SC,23
2020,C,E,SE,6
2020,C,E,SP,223
2020,C,E,TO,3
2020,D,A,AC,4529
2020,D,A,AL,10819
2020,D,A,AM,17937
2020,D,A,AP,5449
2020,D,A,BA,47217
2020,D,A,CE,31793
2020,D,A,DF,8640
2020,D,A,ES,10482
2020,D,A,GO,24331
2020,D,A,MA,27745
2020,D,A,MG,51608
2020,D,A,MS,8005
2020,D,A,MT,10173
2020,D,A,PA,36846
2020,D,A,PB,16046
2020,D,A,PE,36095
2020,D,A,PI,15080
2020,D,A,PR,19330
2020,D,A,RJ,31759
2020,D,A,RN,13831
2020,D,A,RO,7064
2020,D,A,RR,1979
2020,D,A,RS,18798
2020,D,A,SC,8642
2020,D,A,SE,9951
2020,D,A,SP,73878
2020,D,A,TO,7529
2020,D,B,AC,3220
2020,D,B,AL,9433
2020,D,B,AM,12702
2020,D,B,AP,3367
2020,D,B,BA,48535
2020,D,B,CE,26250
2020,D,B,DF,15364
2020,D,B,ES,16510
2020,D,B,GO,29071
2020,D,B,MA,17395
2020,D,B,MG,96362
2020,D,B,MS,10641
2020,D,B,MT,13104
2020,D,B,PA,23807
2020,D,B,PB,17064
2020,D,B,PE,34137
2020,D,B,PI,11964
2020,D,B,PR,39790
2020,D,B,RJ,55633
2020,D,B,RN,15535
2020,D,B,RO,7754
2020,D,B,RR,1679
2020,D,B,RS,39599
2020,D,B,SC,21029
2020,D,B,SE,8280
2020,D,B,SP,149971
2020,D,B,TO,5991
2020,D,C,AC,450
2020,D,C,AL,1339
2020,D,C,AM,1973
2020,D,C,AP,565
2020,D,C,BA,6296
2020,D,C,CE,4319
2020,D,C,DF,4174
2020,D,C,ES,3159
2020,D,C,GO,4213
2020,D,C,MA,2198
2020,D,C,MG,17827
2020,D,C,MS,2011
2020,D,C,MT,2281
2020,D,C,PA,3280
2020,D,C,PB,2612
2020,D,C,PE,4995
2020,D,C,PI,1613
2020,D,C,PR,9475
2020,D,C,RJ,13236
2020,D,C,RN,2670
2020,D,C,RO,1103
2020,D,C,RR,374
2020,D,C,RS,9835
2020,D,C,SC,5900
2020,D,C,SE,1273
2020,D,C,SP,36169
2020,D,C,TO,856
2020,D,D,AC,86
2020,D,D,AL,285
2020,D,D,AM,455
2020,D,D,AP,141
2020,D,D,BA,1503
2020,D,D,CE,1040
2020,D,D,DF,1559
2020,D,D,ES,777
2020,D,D,GO,974
2020,D,D,MA,425
2020,D,D,MG,4398
2020,D,D,MS,498
2020,D,D,MT,559
2020,D,D,PA,659
2020,D,D,PB,641
2020,D,D,PE,1352
2020,D,D,PI,332
2020,D,D,PR,2587
2020,D,D,RJ,4181
2020,D,D,RN,652
2020,D,D,RO,239
2020,D,D,RR,100
2020,D,D,RS,2821
2020,D,D,SC,1627
2020,D,D,SE,282
2020,D,D,SP,11185
2020,D,D,TO,183
2020,D,E,AC,8
2020,D,E,AL,36
2020,D,E,AM,56
2020,D,E,AP,10
2020,D,E,BA,175
2020,D,E,CE,117
2020,D,E,DF,292
2020,D,E,ES,109
2020,D,E,GO,127
2020,D,E,MA,27
2020,D,E,MG,606
2020,D,E,MS,68
2020,D,E,MT,77
2020,D,E,PA,77
2020,D,E,PB,67
2020,D,E,PE,181
2020,D,E,PI,36
2020,D,E,PR,442
2020,D,E,RJ,646
2020,D,E,RN,71
2020,D,E,RO,17
2020,D,E,RR,11
2020,D,E,RS,438
2020,D,E,SC,238
2020,D,E,SE,30
2020,D,E,SP,1966
2020,D,E,TO,19
2020,E,A,AC,1666
2020,E,A,AL,3678
2020,E,A,AM,7735
2020,E,A,AP,1998
2020,E,A,BA,15503
2020,E,A,CE,10537
2020,E,A,DF,4017
2020,E,A,ES,4648
2020,E,A,GO,10420
2020,E,A,MA,9656
2020,E,A,MG,23202
2020,E,A,MS,3179
2020,E,A,MT,4267
2020,E,A,PA,13493
2020,E,A,PB,5304
2020,E,A,PE,13871
2020,E,A,PI,5310
2020,E,A,PR,8694
2020,E,A,RJ,13952
2020,E,A,RN,5072
2020,E,A,RO,2855
2020,E,A,RR,941
2020,E,A,RS,6935
2020,E,A,SC,3986
2020,E,A,SE,3071
2020,E,A,SP,38291
2020,E,A,TO,2845
2020,E,B,AC,1738
2020,E,B,AL,5364
2020,E,B,AM,7287
2020,E,B,AP,2103
2020,E,B,BA,23360
2020,E,B,CE,13368
2020,E,B,DF,10861
2020,E,B,ES,9749
2020,E,B,GO,19028
2020,E,B,MA,9773
2020,E,B,MG,59716
2020,E,B,MS,5986
2020,E,B,MT,7775
2020,E,B,PA,14100
2020,E,B,PB,8730
2020,E,B,PE,19075
2020,E,B,PI,7124
2020,E,B,PR,23319
2020,E,B,RJ,31446
2020,E,B,RN,8160
2020,E,B,RO,3996
2020,E,B,RR,1163
2020,E,B,RS,17316
2020,E,B,SC,10799
2020,E,B,SE,4406
2020,E,B,SP,99120
2020,E,B,TO,3692
2020,E,C,AC,487
2020,E,C,AL,1839
2020,E,C,AM,2425
2020,E,C,AP,707
2020,E,C,BA,6854
2020,E,C,CE,5573
2020,E,C,DF,5564
2020,E,C,ES,3679
2020,E,C,GO,5977
2020,E,C,MA,2981
2020,E,C,MG,21605
2020,E,C,MS,2256
2020,E,C,MT,2718
2020,E,C,PA,4270
2020,E,C,PB,3320
2020,E,C,PE,6492
2020,E,C,PI,2281
2020,E,C,PR,11244
2020,E,C,RJ,13573
2020,E,C,RN,3160
2020,E,C,RO,1177
2020,E,C,RR,443
2020,E,C,RS,8663
2020,E,C,SC,5816
2020,E,C,SE,1502
2020,E,C,SP,42745
2020,E,C,TO,1167
2020,E,D,AC,198
2020,E,D,AL,806
2020,E,D,AM,945
2020,E,D,AP,267
2020,E,D,BA,2922
2020,E,D,CE,2565
2020,E,D,DF,3413
2020,E,D,ES,1558
2020,E,D,GO,2358
2020,E,D,MA,1065
2020,E,D,MG,9172
2020,E,D,MS,1051
2020,E,D,MT,1105
2020,E,D,PA,1630
2020,E,D,PB,1550
2020,E,D,PE,3186
2020,E,D,PI,936
2020,E,D,PR,5186
2020,E,D,RJ,6982
2020,E,D,RN,1446
2020,E,D,RO,391
2020,E,D,RR,186
2020,E,D,RS,4048
2020,E,D,SC,2642
2020,E,D,SE,705
2020,E,D,SP,20854
2020,E,D,TO,469
2020,E,E,AC,76
2020,E,E,AL,379
2020,E,E,AM,527
2020,E,E,AP,167
2020,E,E,BA,1555
2020,E,E,CE,1382
2020,E,E,DF,2687
2020,E,E,ES,852
2020,E,E,GO,1215
2020,E,E,MA,506
2020,E,E,MG,5303
2020,E,E,MS,515
2020,E,E,MT,561
2020,E,E,PA,759
2020,E,E,PB,855
2020,E,E,PE,1881
2020,E,E,PI,449
2020,E,E,PR,3160
2020,E,E,RJ,5027
2020,E,E,RN,772
2020,E,E,RO,187
2020,E,E,RR,112
2020,E,E,RS,2556
2020,E,E,SC,1566
2020,E,E,SE,362
2020,E,E,SP,15584
2020,E,E,TO,195
2021,A,A,AC,534
2021,A,A,AL,1078
2021,A,A,AM,3705
2021,A,A,AP,493
2021,A,A,BA,4444
2021,A,A,CE,6083
2021,A,A,DF,542
2021,A,A,ES,429
2021,A,A,GO,1902
2021,A,A,MA,3076
2021,A,A,MG,1867
2021,A,A,MS,580
2021,A,A,MT,665
2021,A,A,PA,4217
2021,A,A,PB,1240
2021,A,A,PE,3248
2021,A,A,PI,1127
2021,A,A,PR,739
2021,A,A,RJ,2202
2021,A,A,RN,799
2021,A,A,RO,443
2021,A,A,RR,142
2021,A,A,RS,1002
2021,A,A,SC,420
2021,A,A,SE,818
2021,A,A,SP,2606
2021,A,A,TO,499
2021,A,B,AC,141
2021,A,B,AL,300
2021,A,B,AM,619
2021,A,B,AP,117
2021,A,B,BA,1389
2021,A,B,CE,596
2021,A,B,DF,472
2021,A,B,ES,350
2021,A,B,GO,949
2021,A,B,MA,536
2021,A,B,MG,1442
2021,A,B,MS,310
2021,A,B,MT,444
2021,A,B,PA,806
2021,A,B,PB,400
2021,A,B,PE,921
2021,A,B,PI,238
2021,A,B,PR,699
2021,A,B,RJ,1589
2021,A,B,RN,325
2021,A,B,RO,241
2021,A,B,RR,79
2021,A,B,RS,913
2021,A,B,SC,428
2021,A,B,SE,233
2021,A,B,SP,2459
2021,A,B,TO,214
2021,A,C,AC,12
2021,A,C,AL,37
2021,A,C,AM,67
2021,A,C,AP,21
2021,A,C,BA,130
2021,A,C,CE,73
2021,A,C,DF,89
2021,A,C,ES,54
2021,A,C,GO,100
2021,A,C,MA,55
2021,A,C,MG,226
2021,A,C,MS,42
2021,A,C,MT,61
2021,A,C,PA,75
2021,A,C,PB,39
2021,A,C,PE,127
2021,A,C,PI,26
2021,A,C,PR,133
2021,A,C,RJ,215
2021,A,C,RN,37
2021,A,C,RO,15
2021,A,C,RR,8
2021,A,C,RS,138
2021,A,C,SC,82
2021,A,C,SE,35
2021,A,C,SP,495
2021,A,C,TO,30
2021,A,D,AC,2
2021,A,D,AL,10
2021,A,D,AM,14
2021,A,D,AP,2
2021,A,D,BA,37
2021,A,D,CE,27
2021,A,D,DF,37
2021,A,D,ES,12
2021,A,D,GO,29
2021,A,D,MA,9
2021,A,D,MG,73
2021,A,D,MS,17
2021,A,D,MT,19
2021,A,D,PA,17
2021,A,D,PB,15
2021,A,D,PE,40
2021,A,D,PI,8
2021,A,D,PR,43
2021,A,D,RJ,74
2021,A,D,RN,14
2021,A,D,RO,4
2021,A,D,RR,2
2021,A,D,RS,45
2021,A,D,SC,13
2021,A,D,SE,2
2021,A,D,SP,182
2021,A,D,TO,8
2021,A,E,AC,2
2021,A,E,AL,5
2021,A,E,AM,7
2021,A,E,AP,2
2021,A,E,BA,10
2021,A,E,CE,15
2021,A,E,DF,18
2021,A,E,ES,5
2021,A,E,GO,8
2021,A,E,MA,6
2021,A,E,MG,22
2021,A,E,MS,4
2021,A,E,MT,10
2021,A,E,PA,10
2021,A,E,PB,8
2021,A,E,PE,18
2021,A,E,PI,1
2021,A,E,PR,16
2021,A,E,RJ,29
2021,A,E,RN,10
2021,A,E,RO,3
2021,A,E,RS,14
2021,A,E,SC,13
2021,A,E,SE,2
2021,A,E,SP,86
2021,A,E,TO,1
2021,B,A,AC,3829
2021,B,A,AL,9499
2021,B,A,AM,19618
2021,B,A,AP,4114
2021,B,A,BA,43067
2021,B,A,CE,53270
2021,B,A,DF,4753
2021,B,A,ES,4796
2021,B,A,GO,13657
2021,B,A,MA,27383
2021,B,A,MG,21954
2021,B,A,MS,4322
2021,B,A,MT,5519
2021,B,A,PA,43253
2021,B,A,PB,17031
2021,B,A,PE,29550
2021,B,A,PI,14688
2021,B,A,PR,7882
2021,B,A,RJ,20805
2021,B,A,RN,10099
2021,B,A,RO,4034
2021,B,A,RR,987
2021,B,A,RS,10813
2021,B,A,SC,4455
2021,B,A,SE,9363
2021,B,A,SP,27552
2021,B,A,TO,4202
2021,B,B,AC,893
2021,B,B,AL,2256
2021,B,B,AM,3277
2021,B,B,AP,793
2021,B,B,BA,13184
2021,B,B,CE,7799
2021,B,B,DF,4277
2021,B,B,ES,3372
2021,B,B,GO,6565
2021,B,B,MA,4115
2021,B,B,MG,16961
2021,B,B,MS,2452
2021,B,B,MT,3344
2021,B,B,PA,6541
2021,B,B,PB,4858
2021,B,B,PE,7962
2021,B,B,PI,2726
2021,B,B,PR,7936
2021,B,B,RJ,15680
2021,B,B,RN,4220
2021,B,B,RO,1944
2021,B,B,RR,390
2021,B,B,RS,10795
2021,B,B,SC,4741
2021,B,B,SE,2233
2021,B,B,SP,26376
2021,B,B,TO,1361
2021,B,C,AC,27
2021,B,C,AL,74
2021,B,C,AM,106
2021,B,C,AP,31
2021,B,C,BA,329
2021,B,C,CE,229
2021,B,C,DF,286
2021,B,C,ES,97
2021,B,C,GO,285
2021,B,C,MA,107
2021,B,C,MG,660
2021,B,C,MS,79
2021,B,C,MT,118
2021,B,C,PA,149
2021,B,C,PB,96
2021,B,C,PE,225
2021,B,C,PI,60
2021,B,C,PR,410
2021,B,C,RJ,775
2021,B,C,RN,99
2021,B,C,RO,49
2021,B,C,RR,19
2021,B,C,RS,472
2021,B,C,SC,260
2021,B,C,SE,45
2021,B,C,SP,1517
2021,B,C,TO,36
2021,B,D,AC,8
2021,B,D,AL,20
2021,B,D,AM,17
2021,B,D,AP,4
2021,B,D,BA,47
2021,B,D,CE,44
2021,B,D,DF,60
2021,B,D,ES,14
2021,B,D,GO,54
2021,B,D,MA,14
2021,B,D,MG,110
2021,B,D,MS,14
2021,B,D,MT,29
2021,B,D,PA,31
2021,B,D,PB,24
2021,B,D,PE,53
2021,B,D,PI,13
2021,B,D,PR,77
2021,B,D,RJ,159
2021,B,D,RN,17
2021,B,D,RO,8
2021,B,D,RR,4
2021,B,D,RS,86
2021,B,D,SC,65
2021,B,D,SE,7
2021,B,D,SP,332
2021,B,D,TO,7
2021,B,E,AL,3
2021,B,E,AM,9
2021,B,E,AP,1
2021,B,E,BA,7
2021,B,E,CE,17
2021,B,E,DF,26
2021,B,E,ES,7
2021,B,E,GO,14
2021,B,E,MA,4
2021,B,E,MG,31
2021,B,E,MS,5
2021,B,E,MT,10
2021,B,E,PA,5
2021,B,E,PB,7
2021,B,E,PE,24
2021,B,E,PI,3
2021,B,E,PR,18
2021,B,E,RJ,66
2021,B,E,RN,10
2021,B,E,RO,1
2021,B,E,RS,29
2021,B,E,SC,20
2021,B,E,SE,3
2021,B,E,SP,142
2021,B,E,TO,2
2021,C,A,AC,4184
2021,C,A,AL,11390
2021,C,A,AM,18610
2021,C,A,AP,4663
2021,C,A,BA,50255
2021,C,A,CE,51001
2021,C,A,DF,5535
2021,C,A,ES,7162
2021,C,A,GO,19997
2021,C,A,MA,29321
2021,C,A,MG,32758
2021,C,A,MS,5480
2021,C,A,MT,7077
2021,C,A,PA,41821
2021,C,A,PB,20203
2021,C,A,PE,37858
2021,C,A,PI,17036
2021,C,A,PR,11916
2021,C,A,RJ,24939
2021,C,A,RN,13267
2021,C,A,RO,5342
2021,C,A,RR,1202
2021,C,A,RS,14177
2021,C,A,SC,6262
2021,C,A,SE,11358
2021,C,A,SP,38324
2021,C,A,TO,5186
2021,C,B,AC,2015
2021,C,B,AL,6227
2021,C,B,AM,7529
2021,C,B,AP,1983
2021,C,B,BA,32478
2021,C,B,CE,19282
2021,C,B,DF,8178
2021,C,B,ES,8782
2021,C,B,GO,14766
2021,C,B,MA,10982
2021,C,B,MG,45741
2021,C,B,MS,5431
2021,C,B,MT,6991
2021,C,B,PA,16650
2021,C,B,PB,13070
2021,C,B,PE,21623
2021,C,B,PI,8026
2021,C,B,PR,18997
2021,C,B,RJ,33253
2021,C,B,RN,11516
2021,C,B,RO,4542
2021,C,B,RR,860
2021,C,B,RS,24736
2021,C,B,SC,10790
2021,C,B,SE,5811
2021,C,B,SP,63704
2021,C,B,TO,3196
2021,C,C,AC,199
2021,C,C,AL,520
2021,C,C,AM,673
2021,C,C,AP,191
2021,C,C,BA,2873
2021,C,C,CE,1793
2021,C,C,DF,2057
2021,C,C,ES,1205
2021,C,C,GO,1583
2021,C,C,MA,763
2021,C,C,MG,6771
2021,C,C,MS,694
2021,C,C,MT,971
2021,C,C,PA,1230
2021,C,C,PB,1276
2021,C,C,PE,2072
2021,C,C,PI,713
2021,C,C,PR,3541
2021,C,C,RJ,5589
2021,C,C,RN,1256
2021,C,C,RO,471
2021,C,C,RR,108
2021,C,C,RS,4390
2021,C,C,SC,2083
2021,C,C,SE,567
2021,C,C,SP,11725
2021,C,C,TO,356
2021,C,D,AC,10
2021,C,D,AL,24
2021,C,D,AM,42
2021,C,D,AP,11
2021,C,D,BA,156
2021,C,D,CE,108
2021,C,D,DF,228
2021,C,D,ES,97
2021,C,D,GO,126
2021,C,D,MA,46
2021,C,D,MG,572
2021,C,D,MS,38
2021,C,D,MT,65
2021,C,D,PA,66
2021,C,D,PB,68
2021,C,D,PE,161
2021,C,D,PI,39
2021,C,D,PR,299
2021,C,D,RJ,572
2021,C,D,RN,74
2021,C,D,RO,20
2021,C,D,RR,5
2021,C,D,RS,372
2021,C,D,SC,184
2021,C,D,SE,40
2021,C,D,SP,1210
2021,C,D,TO,25
2021,C,E,AC,3
2021,C,E,AL,5
2021,C,E,AM,8
2021,C,E,AP,3
2021,C,E,BA,13
2021,C,E,CE,20
2021,C,E,DF,62
2021,C,E,ES,19
2021,C,E,GO,25
2021,C,E,MA,4
2021,C,E,MG,74
2021,C,E,MS,1
2021,C,E,MT,17
2021,C,E,PA,13
2021,C,E,PB,8
2021,C,E,PE,30
2021,C,E,PI,5
2021,C,E,PR,45
2021,C,E,RJ,93
2021,C,E,RN,9
2021,C,E,RO,3
2021,C,E,RR,1
2021,C,E,RS,59
2021,C,E,SC,28
2021,C,E,SE,4
2021,C,E,SP,224
2021,C,E,TO,6
2021,D,A,AC,2486
2021,D,A,AL,6704
2021,D,A,AM,10877
2021,D,A,AP,2710
2021,D,A,BA,30752
2021,D,A,CE,24122
2021,D,A,DF,4152
2021,D,A,ES,6030
2021,D,A,GO,15818
2021,D,A,MA,17200
2021,D,A,MG,26097
2021,D,A,MS,4062
2021,D,A,MT,5565
2021,D,A,PA,22510
2021,D,A,PB,10871
2021,D,A,PE,23822
2021,D,A,PI,10026
2021,D,A,PR,10265
2021,D,A,RJ,18051
2021,D,A,RN,8322
2021,D,A,RO,3394
2021,D,A,RR,881
2021,D,A,RS,9629
2021,D,A,SC,5338
2021,D,A,SE,6514
2021,D,A,SP,33968
2021,D,A,TO,3988
2021,D,B,AC,2158
2021,D,B,AL,6614
2021,D,B,AM,7599
2021,D,B,AP,2031
2021,D,B,BA,34947
2021,D,B,CE,19909
2021,D,B,DF,9533
2021,D,B,ES,11439
2021,D,B,GO,20312
2021,D,B,MA,11954
2021,D,B,MG,60083
2021,D,B,MS,6606
2021,D,B,MT,8977
2021,D,B,PA,16766
2021,D,B,PB,12219
2021,D,B,PE,23206
2021,D,B,PI,8726
2021,D,B,PR,26841
2021,D,B,RJ,38446
2021,D,B,RN,11783
2021,D,B,RO,4641
2021,D,B,RR,995
2021,D,B,RS,27861
2021,D,B,SC,15923
2021,D,B,SE,6220
2021,D,B,SP,92953
2021,D,B,TO,3917
2021,D,C,AC,449
2021,D,C,AL,1208
2021,D,C,AM,1622
2021,D,C,AP,498
2021,D,C,BA,6562
2021,D,C,CE,4117
2021,D,C,DF,3749
2021,D,C,ES,2919
2021,D,C,GO,4346
2021,D,C,MA,2045
2021,D,C,MG,16402
2021,D,C,MS,1730
2021,D,C,MT,2161
2021,D,C,PA,3081
2021,D,C,PB,2552
2021,D,C,PE,4572
2021,D,C,PI,1631
2021,D,C,PR,8961
2021,D,C,RJ,12708
2021,D,C,RN,2733
2021,D,C,RO,984
2021,D,C,RR,290
2021,D,C,RS,9311
2021,D,C,SC,5651
2021,D,C,SE,1288
2021,D,C,SP,31988
2021,D,C,TO,843
2021,D,D,AC,91
2021,D,D,AL,325
2021,D,D,AM,464
2021,D,D,AP,138
2021,D,D,BA,1787
2021,D,D,CE,1194
2021,D,D,DF,1764
2021,D,D,ES,814
2021,D,D,GO,1143
2021,D,D,MA,473
2021,D,D,MG,5023
2021,D,D,MS,546
2021,D,D,MT,663
2021,D,D,PA,709
2021,D,D,PB,716
2021,D,D,PE,1459
2021,D,D,PI,408
2021,D,D,PR,2984
2021,D,D,RJ,4554
2021,D,D,RN,678
2021,D,D,RO,252
2021,D,D,RR,86
2021,D,D,RS,3065
2021,D,D,SC,1853
2021,D,D,SE,367
2021,D,D,SP,12075
2021,D,D,TO,188
2021,D,E,AC,16
2021,D,E,AL,43
2021,D,E,AM,52
2021,D,E,AP,13
2021,D,E,BA,227
2021,D,E,CE,147
2021,D,E,DF,376
2021,D,E,ES,122
2021,D,E,GO,151
2021,D,E,MA,50
2021,D,E,MG,756
2021,D,E,MS,66
2021,D,E,MT,82
2021,D,E,PA,84
2021,D,E,PB,89
2021,D,E,PE,194
2021,D,E,PI,39
2021,D,E,PR,496
2021,D,E,RJ,787
2021,D,E,RN,81
2021,D,E,RO,31
2021,D,E,RR,15
2021,D,E,RS,556
2021,D,E,SC,288
2021,D,E,SE,52
2021,D,E,SP,2203
2021,D,E,TO,28
2021,E,A,AC,1111
2021,E,A,AL,2724
2021,E,A,AM,5865
2021,E,A,AP,1311
2021,E,A,BA,11860
2021,E,A,CE,9566
2021,E,A,DF,2319
2021,E,A,ES,3039
2021,E,A,GO,8617
2021,E,A,MA,7190
2021,E,A,MG,13333
2021,E,A,MS,1993
2021,E,A,MT,2722
2021,E,A,PA,9743
2021,E,A,PB,4242
2021,E,A,PE,10473
2021,E,A,PI,4321
2021,E,A,PR,5242
2021,E,A,RJ,8934
2021,E,A,RN,3418
2021,E,A,RO,1652
2021,E,A,RR,561
2021,E,A,RS,3876
2021,E,A,SC,2738
2021,E,A,SE,2280
2021,E,A,SP,19649
2021,E,A,TO,1872
2021,E,B,AC,1336
2021,E,B,AL,4264
2021,E,B,AM,5430
2021,E,B,AP,1482
2021,E,B,BA,18507
2021,E,B,CE,11119
2021,E,B,DF,7326
2021,E,B,ES,6988
2021,E,B,GO,15431
2021,E,B,MA,7826
2021,E,B,MG,39407
2021,E,B,MS,4214
2021,E,B,MT,5822
2021,E,B,PA,11097
2021,E,B,PB,6709
2021,E,B,PE,14198
2021,E,B,PI,5909
2021,E,B,PR,16542
2021,E,B,RJ,22872
2021,E,B,RN,6296
2021,E,B,RO,2905
2021,E,B,RR,751
2021,E,B,RS,12279
2021,E,B,SC,8641
2021,E,B,SE,3556
2021,E,B,SP,62826
2021,E,B,TO,2835
2021,E,C,AC,518
2021,E,C,AL,1777
2021,E,C,AM,2100
2021,E,C,AP,652
2021,E,C,BA,7284
2021,E,C,CE,5202
2021,E,C,DF,4856
2021,E,C,ES,3556
2021,E,C,GO,6466
2021,E,C,MA,2879
2021,E,C,MG,20200
2021,E,C,MS,2138
2021,E,C,MT,2758
2021,E,C,PA,4221
2021,E,C,PB,3372
2021,E,C,PE,6074
2021,E,C,PI,2463
2021,E,C,PR,10451
2021,E,C,RJ,12462
2021,E,C,RN,3141
2021,E,C,RO,1135
2021,E,C,RR,368
2021,E,C,RS,8107
2021,E,C,SC,5558
2021,E,C,SE,1724
2021,E,C,SP,37194
2021,E,C,TO,1216
2021,E,D,AC,213
2021,E,D,AL,952
2021,E,D,AM,914
2021,E,D,AP,310
2021,E,D,BA,3658
2021,E,D,CE,2889
2021,E,D,DF,3556
2021,E,D,ES,1752
2021,E,D,GO,2875
2021,E,D,MA,1259
2021,E,D,MG,10435
2021,E,D,MS,1073
2021,E,D,MT,1247
2021,E,D,PA,1915
2021,E,D,PB,1784
2021,E,D,PE,3300
2021,E,D,PI,1122
2021,E,D,PR,5762
2021,E,D,RJ,7485
2021,E,D,RN,1610
2021,E,D,RO,442
2021,E,D,RR,191
2021,E,D,RS,4597
2021,E,D,SC,3026
2021,E,D,SE,812
2021,E,D,SP,21939
2021,E,D,TO,574
2021,E,E,AC,99
2021,E,E,AL,525
2021,E,E,AM,554
2021,E,E,AP,200
2021,E,E,BA,2191
2021,E,E,CE,1895
2021,E,E,DF,3250
2021,E,E,ES,1121
2021,E,E,GO,1696
2021,E,E,MA,608
2021,E,E,MG,6831
2021,E,E,MS,593
2021,E,E,MT,748
2021,E,E,PA,968
2021,E,E,PB,1105
2021,E,E,PE,2406
2021,E,E,PI,615
2021,E,E,PR,3987
2021,E,E,RJ,6008
2021,E,E,RN,1005
2021,E,E,RO,245
2021,E,E,RR,111
2021,E,E,RS,3162
2021,E,E,SC,1905
2021,E,E,SE,462
2021,E,E,SP,18224
2021,E,E,TO,283
2022,A,A,AC,655
2022,A,A,AL,1387
2022,A,A,AM,2973
2022,A,A,AP,600
2022,A,A,BA,5150
2022,A,A,CE,6401
2022,A,A,DF,736
2022,A,A,ES,542
2022,A,A,GO,2357
2022,A,A,MA,3641
2022,A,A,MG,2322
2022,A,A,MS,740
2022,A,A,MT,955
2022,A,A,PA,5569
2022,A,A,PB,1614
2022,A,A,PE,3228
2022,A,A,PI,1306
2022,A,A,PR,1036
2022,A,A,RJ,3282
2022,A,A,RN,1132
2022,A,A,RO,506
2022,A,A,RR,195
2022,A,A,RS,1515
2022,A,A,SC,595
2022,A,A,SE,1032
2022,A,A,SP,3970
2022,A,A,TO,622
2022,A,B,AC,150
2022,A,B,AL,386
2022,A,B,AM,717
2022,A,B,AP,133
2022,A,B,BA,1493
2022,A,B,CE,769
2022,A,B,DF,556
2022,A,B,ES,380
2022,A,B,GO,1232
2022,A,B,MA,594
2022,A,B,MG,1647
2022,A,B,MS,373
2022,A,B,MT,606
2022,A,B,PA,993
2022,A,B,PB,376
2022,A,B,PE,1007
2022,A,B,PI,269
2022,A,B,PR,922
2022,A,B,RJ,2038
2022,A,B,RN,404
2022,A,B,RO,283
2022,A,B,RR,90
2022,A,B,RS,1115
2022,A,B,SC,538
2022,A,B,SE,257
2022,A,B,SP,3250
2022,A,B,TO,186
2022,A,C,AC,18
2022,A,C,AL,50
2022,A,C,AM,82
2022,A,C,AP,21
2022,A,C,BA,154
2022,A,C,CE,106
2022,A,C,DF,129
2022,A,C,ES,62
2022,A,C,GO,183
2022,A,C,MA,58
2022,A,C,MG,240
2022,A,C,MS,38
2022,A,C,MT,84
2022,A,C,PA,103
2022,A,C,PB,59
2022,A,C,PE,136
2022,A,C,PI,41
2022,A,C,PR,166
2022,A,C,RJ,324
2022,A,C,RN,59
2022,A,C,RO,35
2022,A,C,RR,20
2022,A,C,RS,182
2022,A,C,SC,98
2022,A,C,SE,47
2022,A,C,SP,734
2022,A,C,TO,19
2022,A,D,AC,4
2022,A,D,AL,13
2022,A,D,AM,21
2022,A,D,AP,6
2022,A,D,BA,40
2022,A,D,CE,38
2022,A,D,DF,48
2022,A,D,ES,16
2022,A,D,GO,40
2022,A,D,MA,19
2022,A,D,MG,74
2022,A,D,MS,17
2022,A,D,MT,18
2022,A,D,PA,32
2022,A,D,PB,14
2022,A,D,PE,49
2022,A,D,PI,11
2022,A,D,PR,51
2022,A,D,RJ,69
2022,A,D,RN,18
2022,A,D,RO,15
2022,A,D,RR,2
2022,A,D,RS,51
2022,A,D,SC,29
2022,A,D,SE,18
2022,A,D,SP,229
2022,A,D,TO,12
2022,A,E,AL,1
2022,A,E,AM,9
2022,A,E,AP,3
2022,A,E,BA,6
2022,A,E,CE,13
2022,A,E,DF,13
2022,A,E,ES,4
2022,A,E,GO,16
2022,A,E,MA,5
2022,A,E,MG,24
2022,A,E,MS,6
2022,A,E,MT,9
2022,A,E,PA,12
2022,A,E,PB,5
2022,A,E,PE,17
2022,A,E,PI,4
2022,A,E,PR,30
2022,A,E,RJ,32
2022,A,E,RN,8
2022,A,E,RO,3
2022,A,E,RR,4
2022,A,E,RS,23
2022,A,E,SC,15
2022,A,E,SE,2
2022,A,E,SP,113
2022,A,E,TO,2
2022,B,A,AC,4320
2022,B,A,AL,11197
2022,B,A,AM,16771
2022,B,A,AP,4487
2022,B,A,BA,45587
2022,B,A,CE,50437
2022,B,A,DF,4692
2022,B,A,ES,4618
2022,B,A,GO,12792
2022,B,A,MA,28480
2022,B,A,MG,20930
2022,B,A,MS,4993
2022,B,A,MT,5612
2022,B,A,PA,48339
2022,B,A,PB,18163
2022,B,A,PE,29367
2022,B,A,PI,15896
2022,B,A,PR,8463
2022,B,A,RJ,24143
2022,B,A,RN,11923
2022,B,A,RO,3794
2022,B,A,RR,928
2022,B,A,RS,11632
2022,B,A,SC,4704
2022,B,A,SE,10689
2022,B,A,SP,29125
2022,B,A,TO,3937
2022,B,B,AC,906
2022,B,B,AL,2058
2022,B,B,AM,2832
2022,B,B,AP,727
2022,B,B,BA,10889
2022,B,B,CE,7151
2022,B,B,DF,3562
2022,B,B,ES,2890
2022,B,B,GO,6108
2022,B,B,MA,3567
2022,B,B,MG,14230
2022,B,B,MS,2106
2022,B,B,MT,3000
2022,B,B,PA,5816
2022,B,B,PB,4151
2022,B,B,PE,6336
2022,B,B,PI,2531
2022,B,B,PR,6914
2022,B,B,RJ,13768
2022,B,B,RN,4062
2022,B,B,RO,1573
2022,B,B,RR,309
2022,B,B,RS,9826
2022,B,B,SC,4187
2022,B,B,SE,2036
2022,B,B,SP,22959
2022,B,B,TO,1049
2022,B,C,AC,28
2022,B,C,AL,58
2022,B,C,AM,120
2022,B,C,AP,26
2022,B,C,BA,284
2022,B,C,CE,198
2022,B,C,DF,278
2022,B,C,ES,145
2022,B,C,GO,335
2022,B,C,MA,96
2022,B,C,MG,629
2022,B,C,MS,82
2022,B,C,MT,120
2022,B,C,PA,176
2022,B,C,PB,116
2022,B,C,PE,214
2022,B,C,PI,67
2022,B,C,PR,415
2022,B,C,RJ,778
2022,B,C,RN,106
2022,B,C,RO,57
2022,B,C,RR,15
2022,B,C,RS,450
2022,B,C,SC,257
2022,B,C,SE,53
2022,B,C,SP,1697
2022,B,C,TO,32
2022,B,D,AC,5
2022,B,D,AL,13
2022,B,D,AM,18
2022,B,D,AP,7
2022,B,D,BA,61
2022,B,D,CE,56
2022,B,D,DF,76
2022,B,D,ES,30
2022,B,D,GO,54
2022,B,D,MA,22
2022,B,D,MG,115
2022,B,D,MS,18
2022,B,D,MT,28
2022,B,D,PA,37
2022,B,D,PB,28
2022,B,D,PE,63
2022,B,D,PI,16
2022,B,D,PR,85
2022,B,D,RJ,187
2022,B,D,RN,21
2022,B,D,RO,12
2022,B,D,RR,3
2022,B,D,RS,89
2022,B,D,SC,60
2022,B,D,SE,7
2022,B,D,SP,420
2022,B,D,TO,16
2022,B,E,AC,1
2022,B,E,AL,5
2022,B,E,AM,13
2022,B,E,AP,2
2022,B,E,BA,25
2022,B,E,CE,18
2022,B,E,DF,42
2022,B,E,ES,10
2022,B,E,GO,25
2022,B,E,MA,5
2022,B,E,MG,44
2022,B,E,MS,8
2022,B,E,MT,6
2022,B,E,PA,16
2022,B,E,PB,8
2022,B,E,PE,24
2022,B,E,PI,5
2022,B,E,PR,36
2022,B,E,RJ,71
2022,B,E,RN,10
2022,B,E,RO,1
2022,B,E,RR,1
2022,B,E,RS,19
2022,B,E,SC,16
2022,B,E,SE,3
2022,B,E,SP,178
2022,B,E,TO,3
2022,C,A,AC,4937
2022,C,A,AL,13496
2022,C,A,AM,16545
2022,C,A,AP,4974
2022,C,A,BA,53234
2022,C,A,CE,50547
2022,C,A,DF,5636
2022,C,A,ES,7400
2022,C,A,GO,18224
2022,C,A,MA,31396
2022,C,A,MG,32985
2022,C,A,MS,6303
2022,C,A,MT,7793
2022,C,A,PA,46092
2022,C,A,PB,21317
2022,C,A,PE,39240
2022,C,A,PI,18638
2022,C,A,PR,13685
2022,C,A,RJ,29220
2022,C,A,RN,15928
2022,C,A,RO,5149
2022,C,A,RR,1253
2022,C,A,RS,15889
2022,C,A,SC,6860
2022,C,A,SE,12896
2022,C,A,SP,45435
2022,C,A,TO,4976
2022,C,B,AC,1998
2022,C,B,AL,5782
2022,C,B,AM,6371
2022,C,B,AP,1788
2022,C,B,BA,26663
2022,C,B,CE,17279
2022,C,B,DF,6981
2022,C,B,ES,7663
2022,C,B,GO,13491
2022,C,B,MA,9721
2022,C,B,MG,37488
2022,C,B,MS,4631
2022,C,B,MT,6298
2022,C,B,PA,14736
2022,C,B,PB,10970
2022,C,B,PE,17462
2022,C,B,PI,7117
2022,C,B,PR,16741
2022,C,B,RJ,29968
2022,C,B,RN,10755
2022,C,B,RO,3583
2022,C,B,RR,807
2022,C,B,RS,21938
2022,C,B,SC,9558
2022,C,B,SE,5299
2022,C,B,SP,57508
2022,C,B,TO,2451
2022,C,C,AC,197
2022,C,C,AL,491
2022,C,C,AM,574
2022,C,C,AP,170
2022,C,C,BA,2573
2022,C,C,CE,1670
2022,C,C,DF,1842
2022,C,C,ES,1165
2022,C,C,GO,1739
2022,C,C,MA,733
2022,C,C,MG,5859
2022,C,C,MS,638
2022,C,C,MT,877
2022,C,C,PA,1108
2022,C,C,PB,1155
2022,C,C,PE,1847
2022,C,C,PI,665
2022,C,C,PR,3197
2022,C,C,RJ,4999
2022,C,C,RN,1248
2022,C,C,RO,403
2022,C,C,RR,139
2022,C,C,RS,3853
2022,C,C,SC,1891
2022,C,C,SE,507
2022,C,C,SP,10640
2022,C,C,TO,327
2022,C,D,AC,11
2022,C,D,AL,34
2022,C,D,AM,45
2022,C,D,AP,18
2022,C,D,BA,143
2022,C,D,CE,113
2022,C,D,DF,175
2022,C,D,ES,99
2022,C,D,GO,157
2022,C,D,MA,48
2022,C,D,MG,511
2022,C,D,MS,54
2022,C,D,MT,75
2022,C,D,PA,54
2022,C,D,PB,92
2022,C,D,PE,136
2022,C,D,PI,40
2022,C,D,PR,288
2022,C,D,RJ,469
2022,C,D,RN,68
2022,C,D,RO,27
2022,C,D,RR,6
2022,C,D,RS,326
2022,C,D,SC,168
2022,C,D,SE,34
2022,C,D,SP,1099
2022,C,D,TO,14
2022,C,E,AL,5
2022,C,E,AM,10
2022,C,E,BA,16
2022,C,E,CE,16
2022,C,E,DF,63
2022,C,E,ES,9
2022,C,E,GO,22
2022,C,E,MA,3
2022,C,E,MG,77
2022,C,E,MS,9
2022,C,E,MT,8
2022,C,E,PA,8
2022,C,E,PB,12
2022,C,E,PE,30
2022,C,E,PI,6
2022,C,E,PR,48
2022,C,E,RJ,99
2022,C,E,RN,8
2022,C,E,RO,4
2022,C,E,RR,1
2022,C,E,RS,56
2022,C,E,SC,24
2022,C,E,SE,5
2022,C,E,SP,229
2022,C,E,TO,3
2022,D,A,AC,2983
2022,D,A,AL,8712
2022,D,A,AM,10337
2022,D,A,AP,3060
2022,D,A,BA,35308
2022,D,A,CE,29296
2022,D,A,DF,4794
2022,D,A,ES,6814
2022,D,A,GO,17242
2022,D,A,MA,19542
2022,D,A,MG,29729
2022,D,A,MS,5210
2022,D,A,MT,6895
2022,D,A,PA,27152
2022,D,A,PB,12624
2022,D,A,PE,26447
2022,D,A,PI,11811
2022,D,A,PR,13977
2022,D,A,RJ,23900
2022,D,A,RN,10511
2022,D,A,RO,4056
2022,D,A,RR,1008
2022,D,A,RS,12504
2022,D,A,SC,6828
2022,D,A,SE,8055
2022,D,A,SP,47746
2022,D,A,TO,4097
2022,D,B,AC,2150
2022,D,B,AL,6704
2022,D,B,AM,7126
2022,D,B,AP,1981
2022,D,B,BA,32114
2022,D,B,CE,19659
2022,D,B,DF,9253
2022,D,B,ES,11038
2022,D,B,GO,21559
2022,D,B,MA,11470
2022,D,B,MG,55909
2022,D,B,MS,6506
2022,D,B,MT,9053
2022,D,B,PA,16791
2022,D,B,PB,11343
2022,D,B,PE,21041
2022,D,B,PI,8582
2022,D,B,PR,27463
2022,D,B,RJ,39083
2022,D,B,RN,11714
2022,D,B,RO,4367
2022,D,B,RR,1016
2022,D,B,RS,28058
2022,D,B,SC,16486
2022,D,B,SE,6062
2022,D,B,SP,97645
2022,D,B,TO,3565
2022,D,C,AC,444
2022,D,C,AL,1263
2022,D,C,AM,1483
2022,D,C,AP,498
2022,D,C,BA,6016
2022,D,C,CE,4184
2022,D,C,DF,3581
2022,D,C,ES,2869
2022,D,C,GO,4884
2022,D,C,MA,1878
2022,D,C,MG,14865
2022,D,C,MS,1612
2022,D,C,MT,2270
2022,D,C,PA,2970
2022,D,C,PB,2484
2022,D,C,PE,4506
2022,D,C,PI,1643
2022,D,C,PR,8683
2022,D,C,RJ,12047
2022,D,C,RN,2488
2022,D,C,RO,948
2022,D,C,RR,305
2022,D,C,RS,8818
2022,D,C,SC,5390
2022,D,C,SE,1273
2022,D,C,SP,31723
2022,D,C,TO,817
2022,D,D,AC,126
2022,D,D,AL,344
2022,D,D,AM,403
2022,D,D,AP,137
2022,D,D,BA,1629
2022,D,D,CE,1187
2022,D,D,DF,1665
2022,D,D,ES,913
2022,D,D,GO,1272
2022,D,D,MA,470
2022,D,D,MG,4396
2022,D,D,MS,471
2022,D,D,MT,659
2022,D,D,PA,743
2022,D,D,PB,734
2022,D,D,PE,1496
2022,D,D,PI,397
2022,D,D,PR,2831
2022,D,D,RJ,4498
2022,D,D,RN,657
2022,D,D,RO,215
2022,D,D,RR,80
2022,D,D,RS,2796
2022,D,D,SC,1785
2022,D,D,SE,359
2022,D,D,SP,11620
2022,D,D,TO,193
2022,D,E,AC,14
2022,D,E,AL,35
2022,D,E,AM,65
2022,D,E,AP,13
2022,D,E,BA,187
2022,D,E,CE,150
2022,D,E,DF,306
2022,D,E,ES,123
2022,D,E,GO,196
2022,D,E,MA,48
2022,D,E,MG,661
2022,D,E,MS,70
2022,D,E,MT,69
2022,D,E,PA,62
2022,D,E,PB,98
2022,D,E,PE,183
2022,D,E,PI,42
2022,D,E,PR,477
2022,D,E,RJ,686
2022,D,E,RN,69
2022,D,E,RO,36
2022,D,E,RR,11
2022,D,E,RS,471
2022,D,E,SC,258
2022,D,E,SE,42
2022,D,E,SP,2084
2022,D,E,TO,25
2022,E,A,AC,1345
2022,E,A,AL,4077
2022,E,A,AM,5828
2022,E,A,AP,1509
2022,E,A,BA,14369
2022,E,A,CE,13979
2022,E,A,DF,2773
2022,E,A,ES,3557
2022,E,A,GO,10529
2022,E,A,MA,8861
2022,E,A,MG,16177
2022,E,A,MS,2624
2022,E,A,MT,3879
2022,E,A,PA,12842
2022,E,A,PB,5206
2022,E,A,PE,12237
2022,E,A,PI,5389
2022,E,A,PR,7620
2022,E,A,RJ,12223
2022,E,A,RN,4574
2022,E,A,RO,2145
2022,E,A,RR,651
2022,E,A,RS,5264
2022,E,A,SC,3567
2022,E,A,SE,3065
2022,E,A,SP,29533
2022,E,A,TO,2351
2022,E,B,AC,1378
2022,E,B,AL,4597
2022,E,B,AM,5165
2022,E,B,AP,1434
2022,E,B,BA,17417
2022,E,B,CE,12598
2022,E,B,DF,7240
2022,E,B,ES,7159
2022,E,B,GO,17075
2022,E,B,MA,7773
2022,E,B,MG,37623
2022,E,B,MS,4529
2022,E,B,MT,6385
2022,E,B,PA,11857
2022,E,B,PB,6904
2022,E,B,PE,13565
2022,E,B,PI,5897
2022,E,B,PR,17905
2022,E,B,RJ,24146
2022,E,B,RN,6803
2022,E,B,RO,2953
2022,E,B,RR,826
2022,E,B,RS,12876
2022,E,B,SC,9249
2022,E,B,SE,3657
2022,E,B,SP,70731
2022,E,B,TO,2769
2022,E,C,AC,579
2022,E,C,AL,1872
2022,E,C,AM,1987
2022,E,C,AP,630
2022,E,C,BA,6695
2022,E,C,CE,5726
2022,E,C,DF,4678
2022,E,C,ES,3514
2022,E,C,GO,7297
2022,E,C,MA,2779
2022,E,C,MG,18481
2022,E,C,MS,2080
2022,E,C,MT,2805
2022,E,C,PA,4325
2022,E,C,PB,3071
2022,E,C,PE,5540
2022,E,C,PI,2412
2022,E,C,PR,10298
2022,E,C,RJ,12311
2022,E,C,RN,3043
2022,E,C,RO,1117
2022,E,C,RR,426
2022,E,C,RS,7807
2022,E,C,SC,5524
2022,E,C,SE,1661
2022,E,C,SP,38113
2022,E,C,TO,1179
2022,E,D,AC,243
2022,E,D,AL,874
2022,E,D,AM,927
2022,E,D,AP,285
2022,E,D,BA,3229
2022,E,D,CE,2948
2022,E,D,DF,3351
2022,E,D,ES,1646
2022,E,D,GO,3109
2022,E,D,MA,1136
2022,E,D,MG,8961
2022,E,D,MS,1003
2022,E,D,MT,1229
2022,E,D,PA,1866
2022,E,D,PB,1714
2022,E,D,PE,3197
2022,E,D,PI,1069
2022,E,D,PR,5320
2022,E,D,RJ,7148
2022,E,D,RN,1565
2022,E,D,RO,433
2022,E,D,RR,224
2022,E,D,RS,3970
2022,E,D,SC,2901
2022,E,D,SE,792
2022,E,D,SP,20851
2022,E,D,TO,519
2022,E,E,AC,109
2022,E,E,AL,491
2022,E,E,AM,564
2022,E,E,AP,165
2022,E,E,BA,1884
2022,E,E,CE,1838
2022,E,E,DF,2931
2022,E,E,ES,1034
2022,E,E,GO,1684
2022,E,E,MA,571
2022,E,E,MG,5804
2022,E,E,MS,562
2022,E,E,MT,648
2022,E,E,PA,922
2022,E,E,PB,980
2022,E,E,PE,2227
2022,E,E,PI,546
2022,E,E,PR,3745
2022,E,E,RJ,5401
2022,E,E,RN,875
2022,E,E,RO,254
2022,E,E,RR,114
2022,E,E,RS,2767
2022,E,E,SC,1803
2022,E,E,SE,461
2022,E,E,SP,16810
2022,E,E,TO,276
2023,A,A,AC,878
2023,A,A,AL,2333
2023,A,A,AM,3475
2023,A,A,AP,901
2023,A,A,BA,7173
2023,A,A,CE,8238
2023,A,A,DF,1090
2023,A,A,ES,763
2023,A,A,GO,3041
2023,A,A,MA,4710
2023,A,A,MG,3670
2023,A,A,MS,881
2023,A,A,MT,1290
2023,A,A,PA,6241
2023,A,A,PB,2439
2023,A,A,PE,4472
2023,A,A,PI,1760
2023,A,A,PR,1742
2023,A,A,RJ,4628
2023,A,A,RN,1573
2023,A,A,RO,671
2023,A,A,RR,231
2023,A,A,RS,1994
2023,A,A,SC,955
2023,A,A,SE,1383
2023,A,A,SP,6063
2023,A,A,TO,752
2023,A,B,AC,196
2023,A,B,AL,407
2023,A,B,AM,704
2023,A,B,AP,198
2023,A,B,BA,1649
2023,A,B,CE,782
2023,A,B,DF,664
2023,A,B,ES,471
2023,A,B,GO,1308
2023,A,B,MA,620
2023,A,B,MG,1928
2023,A,B,MS,352
2023,A,B,MT,630
2023,A,B,PA,962
2023,A,B,PB,422
2023,A,B,PE,979
2023,A,B,PI,289
2023,A,B,PR,1010
2023,A,B,RJ,2377
2023,A,B,RN,459
2023,A,B,RO,254
2023,A,B,RR,89
2023,A,B,RS,1388
2023,A,B,SC,664
2023,A,B,SE,261
2023,A,B,SP,3937
2023,A,B,TO,247
2023,A,C,AC,21
2023,A,C,AL,44
2023,A,C,AM,92
2023,A,C,AP,19
2023,A,C,BA,151
2023,A,C,CE,108
2023,A,C,DF,129
2023,A,C,ES,54
2023,A,C,GO,187
2023,A,C,MA,56
2023,A,C,MG,270
2023,A,C,MS,52
2023,A,C,MT,83
2023,A,C,PA,102
2023,A,C,PB,65
2023,A,C,PE,124
2023,A,C,PI,36
2023,A,C,PR,201
2023,A,C,RJ,385
2023,A,C,RN,59
2023,A,C,RO,38
2023,A,C,RR,18
2023,A,C,RS,190
2023,A,C,SC,130
2023,A,C,SE,36
2023,A,C,SP,760
2023,A,C,TO,31
2023,A,D,AC,3
2023,A,D,AL,19
2023,A,D,AM,23
2023,A,D,AP,6
2023,A,D,BA,47
2023,A,D,CE,24
2023,A,D,DF,61
2023,A,D,ES,21
2023,A,D,GO,49
2023,A,D,MA,13
2023,A,D,MG,87
2023,A,D,MS,21
2023,A,D,MT,27
2023,A,D,PA,38
2023,A,D,PB,13
2023,A,D,PE,51
2023,A,D,PI,15
2023,A,D,PR,56
2023,A,D,RJ,112
2023,A,D,RN,11
2023,A,D,RO,8
2023,A,D,RR,3
2023,A,D,RS,56
2023,A,D,SC,41
2023,A,D,SE,10
2023,A,D,SP,300
2023,A,D,TO,8
2023,A,E,AC,3
2023,A,E,AL,7
2023,A,E,AM,7
2023,A,E,AP,2
2023,A,E,BA,13
2023,A,E,CE,12
2023,A,E,DF,30
2023,A,E,ES,3
2023,A,E,GO,14
2023,A,E,MA,10
2023,A,E,MG,24
2023,A,E,MS,6
2023,A,E,MT,5
2023,A,E,PA,10
2023,A,E,PB,6
2023,A,E,PE,17
2023,A,E,PI,2
2023,A,E,PR,25
2023,A,E,RJ,39
2023,A,E,RN,4
2023,A,E,RO,4
2023,A,E,RR,1
2023,A,E,RS,17
2023,A,E,SC,16
2023,A,E,SE,4
2023,A,E,SP,142
2023,A,E,TO,3
2023,B,A,AC,5225
2023,B,A,AL,18141
2023,B,A,AM,21542
2023,B,A,AP,6330
2023,B,A,BA,68263
2023,B,A,CE,58495
2023,B,A,DF,7012
2023,B,A,ES,6701
2023,B,A,GO,16290
2023,B,A,MA,40727
2023,B,A,MG,31256
2023,B,A,MS,5886
2023,B,A,MT,7000
2023,B,A,PA,60181
2023,B,A,PB,27089
2023,B,A,PE,41068
2023,B,A,PI,21407
2023,B,A,PR,11833
2023,B,A,RJ,35625
2023,B,A,RN,16239
2023,B,A,RO,5088
2023,B,A,RR,1257
2023,B,A,RS,14737
2023,B,A,SC,6626
2023,B,A,SE,13600
2023,B,A,SP,40891
2023,B,A,TO,4949
2023,B,B,AC,925
2023,B,B,AL,2380
2023,B,B,AM,3295
2023,B,B,AP,914
2023,B,B,BA,13217
2023,B,B,CE,7031
2023,B,B,DF,4153
2023,B,B,ES,3523
2023,B,B,GO,6326
2023,B,B,MA,4007
2023,B,B,MG,16654
2023,B,B,MS,2187
2023,B,B,MT,3053
2023,B,B,PA,6267
2023,B,B,PB,4874
2023,B,B,PE,7394
2023,B,B,PI,2744
2023,B,B,PR,7341
2023,B,B,RJ,16096
2023,B,B,RN,4474
2023,B,B,RO,1746
2023,B,B,RR,369
2023,B,B,RS,10150
2023,B,B,SC,4529
2023,B,B,SE,2251
2023,B,B,SP,24969
2023,B,B,TO,1210
2023,B,C,AC,26
2023,B,C,AL,59
2023,B,C,AM,100
2023,B,C,AP,26
2023,B,C,BA,287
2023,B,C,CE,219
2023,B,C,DF,297
2023,B,C,ES,156
2023,B,C,GO,344
2023,B,C,MA,95
2023,B,C,MG,729
2023,B,C,MS,104
2023,B,C,MT,130
2023,B,C,PA,155
2023,B,C,PB,120
2023,B,C,PE,222
2023,B,C,PI,61
2023,B,C,PR,418
2023,B,C,RJ,781
2023,B,C,RN,105
2023,B,C,RO,65
2023,B,C,RR,27
2023,B,C,RS,473
2023,B,C,SC,248
2023,B,C,SE,67
2023,B,C,SP,1803
2023,B,C,TO,34
2023,B,D,AC,3
2023,B,D,AL,11
2023,B,D,AM,24
2023,B,D,AP,7
2023,B,D,BA,57
2023,B,D,CE,61
2023,B,D,DF,68
2023,B,D,ES,32
2023,B,D,GO,77
2023,B,D,MA,21
2023,B,D,MG,120
2023,B,D,MS,26
2023,B,D,MT,37
2023,B,D,PA,30
2023,B,D,PB,19
2023,B,D,PE,61
2023,B,D,PI,9
2023,B,D,PR,100
2023,B,D,RJ,204
2023,B,D,RN,22
2023,B,D,RO,10
2023,B,D,RR,4
2023,B,D,RS,88
2023,B,D,SC,67
2023,B,D,SE,12
2023,B,D,SP,419
2023,B,D,TO,3
2023,B,E,AC,2
2023,B,E,AL,6
2023,B,E,AM,9
2023,B,E,AP,1
2023,B,E,BA,15
2023,B,E,CE,17
2023,B,E,DF,34
2023,B,E,ES,6
2023,B,E,GO,18
2023,B,E,MA,6
2023,B,E,MG,62
2023,B,E,MS,13
2023,B,E,MT,7
2023,B,E,PA,6
2023,B,E,PB,5
2023,B,E,PE,19
2023,B,E,PI,1
2023,B,E,PR,28
2023,B,E,RJ,59
2023,B,E,RN,5
2023,B,E,RO,4
2023,B,E,RS,34
2023,B,E,SC,25
2023,B,E,SE,5
2023,B,E,SP,191
2023,B,E,TO,3
2023,C,A,AC,5342
2023,C,A,AL,18754
2023,C,A,AM,19723
2023,C,A,AP,6541
2023,C,A,BA,71743
2023,C,A,CE,56180
2023,C,A,DF,7594
2023,C,A,ES,9741
2023,C,A,GO,22042
2023,C,A,MA,41542
2023,C,A,MG,45501
2023,C,A,MS,7401
2023,C,A,MT,8898
2023,C,A,PA,54892
2023,C,A,PB,28198
2023,C,A,PE,48671
2023,C,A,PI,24304
2023,C,A,PR,17798
2023,C,A,RJ,37661
2023,C,A,RN,20097
2023,C,A,RO,6144
2023,C,A,RR,1554
2023,C,A,RS,19219
2023,C,A,SC,8714
2023,C,A,SE,15741
2023,C,A,SP,58336
2023,C,A,TO,5991
2023,C,B,AC,1800
2023,C,B,AL,6039
2023,C,B,AM,6904
2023,C,B,AP,2189
2023,C,B,BA,28138
2023,C,B,CE,16554
2023,C,B,DF,7527
2023,C,B,ES,8241
2023,C,B,GO,13003
2023,C,B,MA,10420
2023,C,B,MG,39777
2023,C,B,MS,4460
2023,C,B,MT,6130
2023,C,B,PA,15366
2023,C,B,PB,11455
2023,C,B,PE,18138
2023,C,B,PI,7081
2023,C,B,PR,16667
2023,C,B,RJ,31192
2023,C,B,RN,10988
2023,C,B,RO,3697
2023,C,B,RR,860
2023,C,B,RS,20923
2023,C,B,SC,9948
2023,C,B,SE,5154
2023,C,B,SP,57400
2023,C,B,TO,2578
2023,C,C,AC,225
2023,C,C,AL,570
2023,C,C,AM,607
2023,C,C,AP,223
2023,C,C,BA,2577
2023,C,C,CE,1691
2023,C,C,DF,1970
2023,C,C,ES,1180
2023,C,C,GO,1665
2023,C,C,MA,749
2023,C,C,MG,6486
2023,C,C,MS,628
2023,C,C,MT,926
2023,C,C,PA,1149
2023,C,C,PB,1250
2023,C,C,PE,1892
2023,C,C,PI,611
2023,C,C,PR,3118
2023,C,C,RJ,5109
2023,C,C,RN,1225
2023,C,C,RO,421
2023,C,C,RR,149
2023,C,C,RS,3756
2023,C,C,SC,1920
2023,C,C,SE,557
2023,C,C,SP,10467
2023,C,C,TO,334
2023,C,D,AC,14
2023,C,D,AL,39
2023,C,D,AM,48
2023,C,D,AP,11
2023,C,D,BA,152
2023,C,D,CE,123
2023,C,D,DF,263
2023,C,D,ES,116
2023,C,D,GO,159
2023,C,D,MA,39
2023,C,D,MG,513
2023,C,D,MS,47
2023,C,D,MT,67
2023,C,D,PA,61
2023,C,D,PB,62
2023,C,D,PE,163
2023,C,D,PI,47
2023,C,D,PR,292
2023,C,D,RJ,505
2023,C,D,RN,93
2023,C,D,RO,20
2023,C,D,RR,13
2023,C,D,RS,333
2023,C,D,SC,170
2023,C,D,SE,40
2023,C,D,SP,1115
2023,C,D,TO,21
2023,C,E,AC,2
2023,C,E,AL,3
2023,C,E,AM,6
2023,C,E,AP,1
2023,C,E,BA,29
2023,C,E,CE,19
2023,C,E,DF,51
2023,C,E,ES,15
2023,C,E,GO,26
2023,C,E,MA,7
2023,C,E,MG,94
2023,C,E,MS,6
2023,C,E,MT,9
2023,C,E,PA,15
2023,C,E,PB,14
2023,C,E,PE,23
2023,C,E,PI,6
2023,C,E,PR,39
2023,C,E,RJ,96
2023,C,E,RN,8
2023,C,E,RO,4
2023,C,E,RR,1
2023,C,E,RS,69
2023,C,E,SC,23
2023,C,E,SE,5
2023,C,E,SP,248
2023,C,E,TO,2
2023,D,A,AC,3301
2023,D,A,AL,11917
2023,D,A,AM,11768
2023,D,A,AP,3714
2023,D,A,BA,44848
2023,D,A,CE,32002
2023,D,A,DF,5719
2023,D,A,ES,8695
2023,D,A,GO,19744
2023,D,A,MA,24547
2023,D,A,MG,40180
2023,D,A,MS,6000
2023,D,A,MT,8226
2023,D,A,PA,30198
2023,D,A,PB,15084
2023,D,A,PE,30990
2023,D,A,PI,14834
2023,D,A,PR,18395
2023,D,A,RJ,28544
2023,D,A,RN,13030
2023,D,A,RO,4844
2023,D,A,RR,1179
2023,D,A,RS,15071
2023,D,A,SC,8792
2023,D,A,SE,9125
2023,D,A,SP,59861
2023,D,A,TO,4758
2023,D,B,AC,2044
2023,D,B,AL,6712
2023,D,B,AM,7433
2023,D,B,AP,2317
2023,D,B,BA,32170
2023,D,B,CE,18445
2023,D,B,DF,9268
2023,D,B,ES,11625
2023,D,B,GO,19903
2023,D,B,MA,12176
2023,D,B,MG,58385
2023,D,B,MS,6264
2023,D,B,MT,8902
2023,D,B,PA,17159
2023,D,B,PB,11634
2023,D,B,PE,20902
2023,D,B,PI,8313
2023,D,B,PR,27961
2023,D,B,RJ,39496
2023,D,B,RN,11558
2023,D,B,RO,4443
2023,D,B,RR,1029
2023,D,B,RS,26956
2023,D,B,SC,16682
2023,D,B,SE,6033
2023,D,B,SP,98657
2023,D,B,TO,3596
2023,D,C,AC,408
2023,D,C,AL,1291
2023,D,C,AM,1476
2023,D,C,AP,512
2023,D,C,BA,5647
2023,D,C,CE,4136
2023,D,C,DF,3522
2023,D,C,ES,2908
2023,D,C,GO,4507
2023,D,C,MA,1952
2023,D,C,MG,14605
2023,D,C,MS,1690
2023,D,C,MT,2128
2023,D,C,PA,3052
2023,D,C,PB,2424
2023,D,C,PE,4232
2023,D,C,PI,1536
2023,D,C,PR,8133
2023,D,C,RJ,11809
2023,D,C,RN,2442
2023,D,C,RO,939
2023,D,C,RR,327
2023,D,C,RS,8142
2023,D,C,SC,5182
2023,D,C,SE,1245
2023,D,C,SP,30534
2023,D,C,TO,775
2023,D,D,AC,106
2023,D,D,AL,345
2023,D,D,AM,391
2023,D,D,AP,141
2023,D,D,BA,1594
2023,D,D,CE,1170
2023,D,D,DF,1796
2023,D,D,ES,940
2023,D,D,GO,1243
2023,D,D,MA,440
2023,D,D,MG,4474
2023,D,D,MS,468
2023,D,D,MT,656
2023,D,D,PA,706
2023,D,D,PB,700
2023,D,D,PE,1369
2023,D,D,PI,392
2023,D,D,PR,2635
2023,D,D,RJ,4213
2023,D,D,RN,684
2023,D,D,RO,213
2023,D,D,RR,95
2023,D,D,RS,2513
2023,D,D,SC,1753
2023,D,D,SE,322
2023,D,D,SP,11218
2023,D,D,TO,187
2023,D,E,AC,8
2023,D,E,AL,44
2023,D,E,AM,59
2023,D,E,AP,20
2023,D,E,BA,202
2023,D,E,CE,147
2023,D,E,DF,328
2023,D,E,ES,133
2023,D,E,GO,190
2023,D,E,MA,47
2023,D,E,MG,653
2023,D,E,MS,74
2023,D,E,MT,68
2023,D,E,PA,78
2023,D,E,PB,109
2023,D,E,PE,223
2023,D,E,PI,35
2023,D,E,PR,434
2023,D,E,RJ,713
2023,D,E,RN,81
2023,D,E,RO,38
2023,D,E,RR,18
2023,D,E,RS,459
2023,D,E,SC,312
2023,D,E,SE,43
2023,D,E,SP,2085
2023,D,E,TO,20
2023,E,A,AC,1528
2023,E,A,AL,5530
2023,E,A,AM,6639
2023,E,A,AP,1886
2023,E,A,BA,17046
2023,E,A,CE,14471
2023,E,A,DF,3142
2023,E,A,ES,4509
2023,E,A,GO,11710
2023,E,A,MA,10923
2023,E,A,MG,20930
2023,E,A,MS,2908
2023,E,A,MT,4629
2023,E,A,PA,13856
2023,E,A,PB,6001
2023,E,A,PE,13630
2023,E,A,PI,6595
2023,E,A,PR,9961
2023,E,A,RJ,13945
2023,E,A,RN,5393
2023,E,A,RO,2616
2023,E,A,RR,727
2023,E,A,RS,6254
2023,E,A,SC,4577
2023,E,A,SE,3389
2023,E,A,SP,35813
2023,E,A,TO,2536
2023,E,B,AC,1349
2023,E,B,AL,4873
2023,E,B,AM,5208
2023,E,B,AP,1656
2023,E,B,BA,17611
2023,E,B,CE,11898
2023,E,B,DF,7180
2023,E,B,ES,7565
2023,E,B,GO,15953
2023,E,B,MA,8229
2023,E,B,MG,39534
2023,E,B,MS,4451
2023,E,B,MT,6449
2023,E,B,PA,11656
2023,E,B,PB,6772
2023,E,B,PE,13330
2023,E,B,PI,5705
2023,E,B,PR,19373
2023,E,B,RJ,24175
2023,E,B,RN,6735
2023,E,B,RO,2967
2023,E,B,RR,853
2023,E,B,RS,12989
2023,E,B,SC,9689
2023,E,B,SE,3543
2023,E,B,SP,72174
2023,E,B,TO,2699
2023,E,C,AC,518
2023,E,C,AL,1921
2023,E,C,AM,2024
2023,E,C,AP,753
2023,E,C,BA,6583
2023,E,C,CE,5474
2023,E,C,DF,4717
2023,E,C,ES,3581
2023,E,C,GO,6721
2023,E,C,MA,2793
2023,E,C,MG,18231
2023,E,C,MS,2025
2023,E,C,MT,2798
2023,E,C,PA,4269
2023,E,C,PB,3098
2023,E,C,PE,5579
2023,E,C,PI,2288
2023,E,C,PR,10397
2023,E,C,RJ,12116
2023,E,C,RN,2970
2023,E,C,RO,1097
2023,E,C,RR,478
2023,E,C,RS,7512
2023,E,C,SC,5611
2023,E,C,SE,1546
2023,E,C,SP,37277
2023,E,C,TO,1142
2023,E,D,AC,234
2023,E,D,AL,850
2023,E,D,AM,867
2023,E,D,AP,283
2023,E,D,BA,3183
2023,E,D,CE,2901
2023,E,D,DF,3292
2023,E,D,ES,1670
2023,E,D,GO,2977
2023,E,D,MA,1115
2023,E,D,MG,8733
2023,E,D,MS,939
2023,E,D,MT,1152
2023,E,D,PA,1834
2023,E,D,PB,1663
2023,E,D,PE,3109
2023,E,D,PI,1028
2023,E,D,PR,5121
2023,E,D,RJ,7071
2023,E,D,RN,1579
2023,E,D,RO,455
2023,E,D,RR,219
2023,E,D,RS,3912
2023,E,D,SC,2854
2023,E,D,SE,750
2023,E,D,SP,20002
2023,E,D,TO,498
2023,E,E,AC,113
2023,E,E,AL,465
2023,E,E,AM,492
2023,E,E,AP,156
2023,E,E,BA,1873
2023,E,E,CE,1762
2023,E,E,DF,3068
2023,E,E,ES,1075
2023,E,E,GO,1613
2023,E,E,MA,512
2023,E,E,MG,5679
2023,E,E,MS,566
2023,E,E,MT,612
2023,E,E,PA,879
2023,E,E,PB,995
2023,E,E,PE,2201
2023,E,E,PI,540
2023,E,E,PR,3428
2023,E,E,RJ,5345
2023,E,E,RN,872
2023,E,E,RO,252
2023,E,E,RR,138
2023,E,E,RS,2684
2023,E,E,SC,1735
2023,E,E,SE,418
2023,E,E,SP,16105
2023,E,E,TO,241
